{
  "weights": "runs\\yolo11s\\finetune_sliced-3\\weights\\best.pt",
  "data": "dataset\\data.yaml",
  "iou_threshold": 0.5,
  "conf": 0.25,
  "imgsz": 1024,
  "device": "0",
  "sliced": true,
  "overlap": 0.2,
  "slice_nms_iou": 0.5,
  "results": [
    {
      "split": "val",
      "images": 356,
      "sliced": true,
      "tp": 335,
      "fp": 67,
      "fn": 12,
      "precision": 0.8333333333333334,
      "recall": 0.9654178674351584,
      "f1": 0.8945260347129506,
      "map50": 0.8994027717622127,
      "mae": 0.19382022471910113,
      "rmse": 0.5877972592463562
    },
    {
      "split": "test",
      "images": 14,
      "sliced": true,
      "tp": 54,
      "fp": 11,
      "fn": 8,
      "precision": 0.8307692307692308,
      "recall": 0.8709677419354839,
      "f1": 0.8503937007874016,
      "map50": 0.8055096418732783,
      "mae": 0.6428571428571429,
      "rmse": 0.8864052604279183
    }
  ]
}